Folder,Instance,Mode,Run,Objective,Runtime,Iterations
200_2000,N_N_1,STANDARD,1,1097325,5.000,38587
200_2000,N_N_1,STANDARD,2,1103798,5.001,40277
200_2000,N_N_1,STANDARD,3,1110781,5.000,40311
200_2000,N_N_1,STANDARD,4,1112570,5.000,30511
200_2000,N_N_1,STANDARD,5,1098666,5.000,39954
200_2000,N_N_1,STANDARD,6,1086753,5.000,42388
200_2000,N_N_1,STANDARD,7,1102112,5.000,42331
200_2000,N_N_1,STANDARD,8,1100949,5.000,42521
200_2000,N_N_1,STANDARD,9,1112311,5.000,40480
200_2000,N_N_1,STANDARD,10,1092745,5.000,32188
200_2000,N_N_1,SMART,1,1074902,5.000,41041
200_2000,N_N_1,SMART,2,1084498,5.000,42453
200_2000,N_N_1,SMART,3,1084635,5.000,42439
200_2000,N_N_1,SMART,4,1092922,5.000,41840
200_2000,N_N_1,SMART,5,1081334,5.000,40560
200_2000,N_N_1,SMART,6,1100457,5.000,40832
200_2000,N_N_1,SMART,7,1079461,5.000,39794
200_2000,N_N_1,SMART,8,1071018,5.000,41420
200_2000,N_N_1,SMART,9,1077839,5.000,43018
200_2000,N_N_1,SMART,10,1088279,5.000,43458
200_2000,N_N_2,STANDARD,1,1087796,5.000,37936
200_2000,N_N_2,STANDARD,2,1069360,5.000,38409
200_2000,N_N_2,STANDARD,3,1067253,5.000,40844
200_2000,N_N_2,STANDARD,4,1078672,5.000,40414
200_2000,N_N_2,STANDARD,5,1082105,5.000,39279
200_2000,N_N_2,STANDARD,6,1060421,5.000,39255
200_2000,N_N_2,STANDARD,7,1080369,5.000,41570
200_2000,N_N_2,STANDARD,8,1064904,5.000,43008
200_2000,N_N_2,STANDARD,9,1078407,5.001,39806
200_2000,N_N_2,STANDARD,10,1078013,5.000,37484
200_2000,N_N_2,SMART,1,1079479,5.000,35044
200_2000,N_N_2,SMART,2,1060909,5.000,36786
200_2000,N_N_2,SMART,3,1062523,5.000,39399
200_2000,N_N_2,SMART,4,1068083,5.000,38285
200_2000,N_N_2,SMART,5,1073128,5.000,38369
200_2000,N_N_2,SMART,6,1060769,5.000,42468
200_2000,N_N_2,SMART,7,1069224,5.000,42404
200_2000,N_N_2,SMART,8,1075409,5.000,42057
200_2000,N_N_2,SMART,9,1047969,5.000,37928
200_2000,N_N_2,SMART,10,1069155,5.000,39428
200_2000,N_N_3,STANDARD,1,605703,5.000,39918
200_2000,N_N_3,STANDARD,2,586218,5.000,41691
200_2000,N_N_3,STANDARD,3,587235,5.000,42428
200_2000,N_N_3,STANDARD,4,578510,5.000,41193
200_2000,N_N_3,STANDARD,5,549014,5.000,41657
200_2000,N_N_3,STANDARD,6,587133,5.000,41789
200_2000,N_N_3,STANDARD,7,582367,5.000,40546
200_2000,N_N_3,STANDARD,8,580781,5.000,39813
200_2000,N_N_3,STANDARD,9,551171,5.000,40856
200_2000,N_N_3,STANDARD,10,564779,5.000,44324
200_2000,N_N_3,SMART,1,569413,5.000,43697
200_2000,N_N_3,SMART,2,594201,5.000,43434
200_2000,N_N_3,SMART,3,562088,5.000,44056
200_2000,N_N_3,SMART,4,598111,5.000,43633
200_2000,N_N_3,SMART,5,553488,5.000,44203
200_2000,N_N_3,SMART,6,560239,5.000,44707
200_2000,N_N_3,SMART,7,581027,5.000,42566
200_2000,N_N_3,SMART,8,587581,5.000,42601
200_2000,N_N_3,SMART,9,599165,5.000,42155
200_2000,N_N_3,SMART,10,573538,5.000,41288
200_2000,N_N_4,STANDARD,1,4523388,5.000,41719
200_2000,N_N_4,STANDARD,2,4669023,5.000,41920
200_2000,N_N_4,STANDARD,3,4563934,5.000,41239
200_2000,N_N_4,STANDARD,4,4586018,5.000,39823
200_2000,N_N_4,STANDARD,5,4552750,5.000,41233
200_2000,N_N_4,STANDARD,6,4475989,5.000,41317
200_2000,N_N_4,STANDARD,7,4686682,5.000,41067
200_2000,N_N_4,STANDARD,8,4611498,5.000,41682
200_2000,N_N_4,STANDARD,9,4649543,5.000,40700
200_2000,N_N_4,STANDARD,10,4599915,5.000,41311
200_2000,N_N_4,SMART,1,4260090,5.000,41468
200_2000,N_N_4,SMART,2,4482942,5.000,37538
200_2000,N_N_4,SMART,3,4445567,5.000,38236
200_2000,N_N_4,SMART,4,4531673,5.000,38132
200_2000,N_N_4,SMART,5,4549241,5.000,42463
200_2000,N_N_4,SMART,6,4580056,5.000,41310
200_2000,N_N_4,SMART,7,4415378,5.000,39829
200_2000,N_N_4,SMART,8,4597537,5.000,39339
200_2000,N_N_4,SMART,9,4362660,5.000,38105
200_2000,N_N_4,SMART,10,4553853,5.000,42337
200_2000,N_N_5,STANDARD,1,8301006,5.000,42092
200_2000,N_N_5,STANDARD,2,7957485,5.000,40797
200_2000,N_N_5,STANDARD,3,7911407,5.000,40342
200_2000,N_N_5,STANDARD,4,8635251,5.000,39799
200_2000,N_N_5,STANDARD,5,8143807,5.000,41490
200_2000,N_N_5,STANDARD,6,8735723,5.000,40906
200_2000,N_N_5,STANDARD,7,9125586,5.000,36114
200_2000,N_N_5,STANDARD,8,8310682,5.000,39756
200_2000,N_N_5,STANDARD,9,8566230,5.000,40268
200_2000,N_N_5,STANDARD,10,8161605,5.002,42227
200_2000,N_N_5,SMART,1,7445351,5.000,42127
200_2000,N_N_5,SMART,2,7670706,5.000,42251
200_2000,N_N_5,SMART,3,7571016,5.000,42985
200_2000,N_N_5,SMART,4,7132833,5.000,42490
200_2000,N_N_5,SMART,5,7246045,5.000,41721
200_2000,N_N_5,SMART,6,7967268,5.000,41887
200_2000,N_N_5,SMART,7,7577092,5.000,42178
200_2000,N_N_5,SMART,8,7725032,5.000,42159
200_2000,N_N_5,SMART,9,7566214,5.000,42488
200_2000,N_N_5,SMART,10,7388380,5.000,42768
200_2000,N_U_1,STANDARD,1,673549,5.000,43786
200_2000,N_U_1,STANDARD,2,677836,5.000,41463
200_2000,N_U_1,STANDARD,3,673055,5.000,42575
200_2000,N_U_1,STANDARD,4,674277,5.001,42320
200_2000,N_U_1,STANDARD,5,672303,5.000,42521
200_2000,N_U_1,STANDARD,6,675304,5.000,41604
200_2000,N_U_1,STANDARD,7,679912,5.000,42086
200_2000,N_U_1,STANDARD,8,674300,5.000,40090
200_2000,N_U_1,STANDARD,9,671367,5.000,41853
200_2000,N_U_1,STANDARD,10,675486,5.000,43113
200_2000,N_U_1,SMART,1,670840,5.000,43197
200_2000,N_U_1,SMART,2,668533,5.000,43270
200_2000,N_U_1,SMART,3,665651,5.000,40788
200_2000,N_U_1,SMART,4,665543,5.000,37007
200_2000,N_U_1,SMART,5,672075,5.000,36520
200_2000,N_U_1,SMART,6,664929,5.000,40922
200_2000,N_U_1,SMART,7,671327,5.000,43551
200_2000,N_U_1,SMART,8,668734,5.000,44435
200_2000,N_U_1,SMART,9,668549,5.000,44457
200_2000,N_U_1,SMART,10,667038,5.000,44464
200_2000,N_U_2,STANDARD,1,761262,5.000,43613
200_2000,N_U_2,STANDARD,2,765045,5.000,43574
200_2000,N_U_2,STANDARD,3,767072,5.000,44416
200_2000,N_U_2,STANDARD,4,765922,5.000,43028
200_2000,N_U_2,STANDARD,5,769355,5.000,43403
200_2000,N_U_2,STANDARD,6,759487,5.000,44845
200_2000,N_U_2,STANDARD,7,766732,5.000,43528
200_2000,N_U_2,STANDARD,8,769574,5.000,42913
200_2000,N_U_2,STANDARD,9,768222,5.000,44792
200_2000,N_U_2,STANDARD,10,765071,5.000,41023
200_2000,N_U_2,SMART,1,758264,5.000,38792
200_2000,N_U_2,SMART,2,761874,5.000,39012
200_2000,N_U_2,SMART,3,763894,5.000,38468
200_2000,N_U_2,SMART,4,767599,5.000,39720
200_2000,N_U_2,SMART,5,759668,5.000,39675
200_2000,N_U_2,SMART,6,764367,5.000,42822
200_2000,N_U_2,SMART,7,765370,5.000,39591
200_2000,N_U_2,SMART,8,756679,5.000,39326
200_2000,N_U_2,SMART,9,758017,5.000,37762
200_2000,N_U_2,SMART,10,761139,5.000,35850
200_2000,N_U_3,STANDARD,1,727605,5.000,38717
200_2000,N_U_3,STANDARD,2,726281,5.000,42192
200_2000,N_U_3,STANDARD,3,730052,5.000,40591
200_2000,N_U_3,STANDARD,4,723110,5.000,40921
200_2000,N_U_3,STANDARD,5,729624,5.000,40348
200_2000,N_U_3,STANDARD,6,728732,5.000,41902
200_2000,N_U_3,STANDARD,7,719421,5.000,43041
200_2000,N_U_3,STANDARD,8,724983,5.000,42460
200_2000,N_U_3,STANDARD,9,727408,5.000,36616
200_2000,N_U_3,STANDARD,10,728606,5.000,42178
200_2000,N_U_3,SMART,1,723448,5.000,39271
200_2000,N_U_3,SMART,2,725931,5.000,35605
200_2000,N_U_3,SMART,3,725999,5.000,36167
200_2000,N_U_3,SMART,4,722661,5.000,38613
200_2000,N_U_3,SMART,5,717222,5.000,41473
200_2000,N_U_3,SMART,6,718849,5.000,39571
200_2000,N_U_3,SMART,7,721290,5.000,39548
200_2000,N_U_3,SMART,8,723803,5.000,41687
200_2000,N_U_3,SMART,9,721783,5.000,39642
200_2000,N_U_3,SMART,10,722336,5.000,38984
200_2000,N_U_4,STANDARD,1,1983024,5.000,38932
200_2000,N_U_4,STANDARD,2,1890235,5.000,42027
200_2000,N_U_4,STANDARD,3,1821988,5.000,43537
200_2000,N_U_4,STANDARD,4,1880910,5.000,43712
200_2000,N_U_4,STANDARD,5,1873904,5.000,41295
200_2000,N_U_4,STANDARD,6,1889383,5.000,39020
200_2000,N_U_4,STANDARD,7,1969875,5.000,40407
200_2000,N_U_4,STANDARD,8,1986310,5.000,41592
200_2000,N_U_4,STANDARD,9,1933283,5.000,34801
200_2000,N_U_4,STANDARD,10,2057776,5.000,25476
200_2000,N_U_4,SMART,1,1994164,5.000,25707
200_2000,N_U_4,SMART,2,2030507,5.000,24641
200_2000,N_U_4,SMART,3,2030325,5.000,24806
200_2000,N_U_4,SMART,4,1982450,5.000,25209
200_2000,N_U_4,SMART,5,2050398,5.000,25552
200_2000,N_U_4,SMART,6,2049745,5.000,25910
200_2000,N_U_4,SMART,7,2064451,5.000,25396
200_2000,N_U_4,SMART,8,1964320,5.000,26996
200_2000,N_U_4,SMART,9,1997545,5.000,25502
200_2000,N_U_4,SMART,10,2066012,5.000,24495
200_2000,N_U_5,STANDARD,1,755212,5.000,24566
200_2000,N_U_5,STANDARD,2,755581,5.000,24345
200_2000,N_U_5,STANDARD,3,758286,5.000,25508
200_2000,N_U_5,STANDARD,4,756326,5.000,26280
200_2000,N_U_5,STANDARD,5,757392,5.000,25543
200_2000,N_U_5,STANDARD,6,763093,5.000,26188
200_2000,N_U_5,STANDARD,7,763305,5.000,25954
200_2000,N_U_5,STANDARD,8,759834,5.000,25684
200_2000,N_U_5,STANDARD,9,760945,5.000,25713
200_2000,N_U_5,STANDARD,10,758027,5.000,26114
200_2000,N_U_5,SMART,1,753097,5.000,26937
200_2000,N_U_5,SMART,2,764483,5.000,26128
200_2000,N_U_5,SMART,3,755208,5.000,26403
200_2000,N_U_5,SMART,4,759720,5.000,26155
200_2000,N_U_5,SMART,5,754921,5.000,25231
200_2000,N_U_5,SMART,6,750364,5.000,24841
200_2000,N_U_5,SMART,7,754926,5.000,25226
200_2000,N_U_5,SMART,8,758787,5.000,25442
200_2000,N_U_5,SMART,9,748909,5.000,24809
200_2000,N_U_5,SMART,10,750206,5.000,25141
200_2000,U_N_1,STANDARD,1,934418,5.000,24657
200_2000,U_N_1,STANDARD,2,949426,5.000,25153
200_2000,U_N_1,STANDARD,3,950641,5.000,27497
200_2000,U_N_1,STANDARD,4,936473,5.000,24917
200_2000,U_N_1,STANDARD,5,932218,5.000,24806
200_2000,U_N_1,STANDARD,6,964718,5.001,25732
200_2000,U_N_1,STANDARD,7,943066,5.000,26117
200_2000,U_N_1,STANDARD,8,962630,5.000,25242
200_2000,U_N_1,STANDARD,9,947489,5.000,25398
200_2000,U_N_1,STANDARD,10,938774,5.000,24651
200_2000,U_N_1,SMART,1,919216,5.000,25695
200_2000,U_N_1,SMART,2,933096,5.000,25453
200_2000,U_N_1,SMART,3,933459,5.000,25251
200_2000,U_N_1,SMART,4,921503,5.000,25230
200_2000,U_N_1,SMART,5,946202,5.000,27159
200_2000,U_N_1,SMART,6,922960,5.000,25406
200_2000,U_N_1,SMART,7,921720,5.000,24883
200_2000,U_N_1,SMART,8,931054,5.000,24794
200_2000,U_N_1,SMART,9,928364,5.000,25558
200_2000,U_N_1,SMART,10,940806,5.000,25541
200_2000,U_N_2,STANDARD,1,574889,5.000,25586
200_2000,U_N_2,STANDARD,2,570388,5.000,27063
200_2000,U_N_2,STANDARD,3,575637,5.000,25701
200_2000,U_N_2,STANDARD,4,558270,5.000,24255
200_2000,U_N_2,STANDARD,5,566119,5.000,24290
200_2000,U_N_2,STANDARD,6,556074,5.000,25300
200_2000,U_N_2,STANDARD,7,551735,5.000,26511
200_2000,U_N_2,STANDARD,8,570636,5.000,26655
200_2000,U_N_2,STANDARD,9,572592,5.000,24926
200_2000,U_N_2,STANDARD,10,546437,5.000,25536
200_2000,U_N_2,SMART,1,590166,5.000,25349
200_2000,U_N_2,SMART,2,583242,5.000,24972
200_2000,U_N_2,SMART,3,555752,5.000,26904
200_2000,U_N_2,SMART,4,585106,5.000,25150
200_2000,U_N_2,SMART,5,572161,5.000,26051
200_2000,U_N_2,SMART,6,573746,5.000,25525
200_2000,U_N_2,SMART,7,575457,5.000,25489
200_2000,U_N_2,SMART,8,586984,5.000,25515
200_2000,U_N_2,SMART,9,591264,5.000,25781
200_2000,U_N_2,SMART,10,561542,5.000,26836
200_2000,U_N_3,STANDARD,1,891599,5.000,24703
200_2000,U_N_3,STANDARD,2,895626,5.000,24686
200_2000,U_N_3,STANDARD,3,899222,5.000,24669
200_2000,U_N_3,STANDARD,4,894281,5.000,24715
200_2000,U_N_3,STANDARD,5,885672,5.000,25478
200_2000,U_N_3,STANDARD,6,898275,5.001,25245
200_2000,U_N_3,STANDARD,7,883394,5.000,24488
200_2000,U_N_3,STANDARD,8,879013,5.000,25554
200_2000,U_N_3,STANDARD,9,899192,5.000,25265
200_2000,U_N_3,STANDARD,10,908314,5.000,25174
200_2000,U_N_3,SMART,1,878240,5.000,25784
200_2000,U_N_3,SMART,2,861505,5.000,27787
200_2000,U_N_3,SMART,3,884335,5.000,25468
200_2000,U_N_3,SMART,4,878686,5.000,25737
200_2000,U_N_3,SMART,5,887844,5.000,25305
200_2000,U_N_3,SMART,6,885434,5.000,25360
200_2000,U_N_3,SMART,7,869031,5.000,26014
200_2000,U_N_3,SMART,8,880200,5.000,25200
200_2000,U_N_3,SMART,9,872404,5.000,25375
200_2000,U_N_3,SMART,10,876135,5.000,25021
200_2000,U_N_4,STANDARD,1,996956,5.000,25035
200_2000,U_N_4,STANDARD,2,972193,5.000,24659
200_2000,U_N_4,STANDARD,3,986292,5.000,24683
200_2000,U_N_4,STANDARD,4,982656,5.000,26698
200_2000,U_N_4,STANDARD,5,982493,5.000,25002
200_2000,U_N_4,STANDARD,6,987593,5.000,24912
200_2000,U_N_4,STANDARD,7,992069,5.000,25526
200_2000,U_N_4,STANDARD,8,984149,5.000,24688
200_2000,U_N_4,STANDARD,9,1005319,5.000,24777
200_2000,U_N_4,STANDARD,10,981229,5.000,24478
200_2000,U_N_4,SMART,1,974279,5.000,25240
200_2000,U_N_4,SMART,2,983586,5.000,24489
200_2000,U_N_4,SMART,3,971060,5.000,24984
200_2000,U_N_4,SMART,4,970022,5.001,25929
200_2000,U_N_4,SMART,5,958043,5.000,24728
200_2000,U_N_4,SMART,6,979333,5.000,26228
200_2000,U_N_4,SMART,7,980768,5.000,26635
200_2000,U_N_4,SMART,8,969187,5.000,25399
200_2000,U_N_4,SMART,9,965250,5.000,25703
200_2000,U_N_4,SMART,10,968886,5.000,25318
200_2000,U_N_5,STANDARD,1,9475069,5.000,25014
200_2000,U_N_5,STANDARD,2,9176770,5.000,24457
200_2000,U_N_5,STANDARD,3,9701041,5.000,24624
200_2000,U_N_5,STANDARD,4,9495272,5.000,24711
200_2000,U_N_5,STANDARD,5,9403774,5.000,24770
200_2000,U_N_5,STANDARD,6,9199267,5.000,24144
200_2000,U_N_5,STANDARD,7,9186091,5.000,24075
200_2000,U_N_5,STANDARD,8,8896707,5.000,23980
200_2000,U_N_5,STANDARD,9,8833436,5.000,27034
200_2000,U_N_5,STANDARD,10,9564354,5.000,24874
200_2000,U_N_5,SMART,1,8583773,5.000,24221
200_2000,U_N_5,SMART,2,8729266,5.000,23766
200_2000,U_N_5,SMART,3,8936365,5.003,24079
200_2000,U_N_5,SMART,4,8421698,5.000,25952
200_2000,U_N_5,SMART,5,8562234,5.000,24140
200_2000,U_N_5,SMART,6,8639698,5.000,23604
200_2000,U_N_5,SMART,7,8380342,5.000,25528
200_2000,U_N_5,SMART,8,8647652,5.000,25019
200_2000,U_N_5,SMART,9,8721096,5.000,25148
200_2000,U_N_5,SMART,10,8465267,5.000,25379
200_2000,U_U_1,STANDARD,1,1596667,5.000,26727
200_2000,U_U_1,STANDARD,2,1675139,5.000,25769
200_2000,U_U_1,STANDARD,3,1571114,5.000,25092
200_2000,U_U_1,STANDARD,4,1646107,5.000,23998
200_2000,U_U_1,STANDARD,5,1674177,5.000,24712
200_2000,U_U_1,STANDARD,6,1649245,5.000,24696
200_2000,U_U_1,STANDARD,7,1594651,5.000,25097
200_2000,U_U_1,STANDARD,8,1655191,5.000,26750
200_2000,U_U_1,STANDARD,9,1701518,5.000,25331
200_2000,U_U_1,STANDARD,10,1699806,5.000,25176
200_2000,U_U_1,SMART,1,1576442,5.000,25026
200_2000,U_U_1,SMART,2,1621778,5.000,24145
200_2000,U_U_1,SMART,3,1528489,5.000,25446
200_2000,U_U_1,SMART,4,1561111,5.000,27041
200_2000,U_U_1,SMART,5,1543735,5.000,25180
200_2000,U_U_1,SMART,6,1578029,5.000,23368
200_2000,U_U_1,SMART,7,1574861,5.000,25013
200_2000,U_U_1,SMART,8,1564078,5.000,24941
200_2000,U_U_1,SMART,9,1603817,5.000,25017
200_2000,U_U_1,SMART,10,1606834,5.000,25493
200_2000,U_U_2,STANDARD,1,452813,5.000,26226
200_2000,U_U_2,STANDARD,2,453245,5.000,26055
200_2000,U_U_2,STANDARD,3,451524,5.000,26053
200_2000,U_U_2,STANDARD,4,454558,5.000,25184
200_2000,U_U_2,STANDARD,5,455011,5.000,25083
200_2000,U_U_2,STANDARD,6,455011,5.000,27677
200_2000,U_U_2,STANDARD,7,452547,5.000,25334
200_2000,U_U_2,STANDARD,8,447499,5.000,25223
200_2000,U_U_2,STANDARD,9,453784,5.000,25562
200_2000,U_U_2,STANDARD,10,452530,5.000,25322
200_2000,U_U_2,SMART,1,452952,5.000,25244
200_2000,U_U_2,SMART,2,455011,5.000,24161
200_2000,U_U_2,SMART,3,455011,5.000,25113
200_2000,U_U_2,SMART,4,454162,5.000,25016
200_2000,U_U_2,SMART,5,455011,5.000,25937
200_2000,U_U_2,SMART,6,455011,5.000,26020
200_2000,U_U_2,SMART,7,455011,5.000,25798
200_2000,U_U_2,SMART,8,455011,5.000,26430
200_2000,U_U_2,SMART,9,455011,5.000,26074
200_2000,U_U_2,SMART,10,451228,5.000,25815
200_2000,U_U_3,STANDARD,1,559592,5.000,25644
200_2000,U_U_3,STANDARD,2,570373,5.000,24768
200_2000,U_U_3,STANDARD,3,552866,5.000,25860
200_2000,U_U_3,STANDARD,4,563882,5.000,25478
200_2000,U_U_3,STANDARD,5,575155,5.000,25554
200_2000,U_U_3,STANDARD,6,551136,5.000,26387
200_2000,U_U_3,STANDARD,7,541456,5.000,26166
200_2000,U_U_3,STANDARD,8,557545,5.000,25711
200_2000,U_U_3,STANDARD,9,560832,5.000,25472
200_2000,U_U_3,STANDARD,10,561870,5.000,25257
200_2000,U_U_3,SMART,1,561049,5.000,27211
200_2000,U_U_3,SMART,2,587213,5.000,24676
200_2000,U_U_3,SMART,3,545892,5.000,25426
200_2000,U_U_3,SMART,4,545686,5.000,24423
200_2000,U_U_3,SMART,5,573833,5.000,25376
200_2000,U_U_3,SMART,6,587796,5.000,24431
200_2000,U_U_3,SMART,7,566692,5.000,24992
200_2000,U_U_3,SMART,8,570571,5.000,25717
200_2000,U_U_3,SMART,9,557554,5.000,25400
200_2000,U_U_3,SMART,10,580888,5.000,24847
200_2000,U_U_4,STANDARD,1,601654,5.000,25418
200_2000,U_U_4,STANDARD,2,593970,5.000,24562
200_2000,U_U_4,STANDARD,3,601920,5.000,27755
200_2000,U_U_4,STANDARD,4,606788,5.000,24914
200_2000,U_U_4,STANDARD,5,601639,5.000,25641
200_2000,U_U_4,STANDARD,6,601981,5.000,25256
200_2000,U_U_4,STANDARD,7,597006,5.000,25174
200_2000,U_U_4,STANDARD,8,593949,5.000,25484
200_2000,U_U_4,STANDARD,9,597310,5.000,25481
200_2000,U_U_4,STANDARD,10,599635,5.000,25359
200_2000,U_U_4,SMART,1,595473,5.000,25422
200_2000,U_U_4,SMART,2,592218,5.000,25297
200_2000,U_U_4,SMART,3,595949,5.000,25490
200_2000,U_U_4,SMART,4,597033,5.000,25949
200_2000,U_U_4,SMART,5,594176,5.000,26578
200_2000,U_U_4,SMART,6,595185,5.000,26330
200_2000,U_U_4,SMART,7,595452,5.000,25242
200_2000,U_U_4,SMART,8,594733,5.000,25189
200_2000,U_U_4,SMART,9,593327,5.000,25749
200_2000,U_U_4,SMART,10,593625,5.000,27636
200_2000,U_U_5,STANDARD,1,465167,5.000,27069
200_2000,U_U_5,STANDARD,2,465167,5.000,24927
200_2000,U_U_5,STANDARD,3,463402,5.000,24138
200_2000,U_U_5,STANDARD,4,463606,5.000,24259
200_2000,U_U_5,STANDARD,5,465167,5.000,24355
200_2000,U_U_5,STANDARD,6,462739,5.000,24110
200_2000,U_U_5,STANDARD,7,464333,5.000,25350
200_2000,U_U_5,STANDARD,8,459664,5.000,26615
200_2000,U_U_5,STANDARD,9,465167,5.000,25059
200_2000,U_U_5,STANDARD,10,462162,5.000,25761
200_2000,U_U_5,SMART,1,465167,5.000,26136
200_2000,U_U_5,SMART,2,463336,5.000,25760
200_2000,U_U_5,SMART,3,465129,5.000,24551
200_2000,U_U_5,SMART,4,465167,5.000,25783
200_2000,U_U_5,SMART,5,465167,5.000,24918
200_2000,U_U_5,SMART,6,465167,5.000,25431
200_2000,U_U_5,SMART,7,465167,5.000,25587
200_2000,U_U_5,SMART,8,465167,5.000,24950
200_2000,U_U_5,SMART,9,465167,5.000,25298
200_2000,U_U_5,SMART,10,465167,5.000,27437
200_5000,N_N_1,STANDARD,1,91595736,5.000,11307
200_5000,N_N_1,STANDARD,2,94687273,5.000,11033
200_5000,N_N_1,STANDARD,3,96149995,5.000,10769
200_5000,N_N_1,STANDARD,4,97939857,5.000,12066
200_5000,N_N_1,STANDARD,5,96744717,5.005,11115
200_5000,N_N_1,STANDARD,6,94515677,5.000,11015
200_5000,N_N_1,STANDARD,7,94437233,5.000,10987
200_5000,N_N_1,STANDARD,8,95259290,5.005,10862
200_5000,N_N_1,STANDARD,9,94124082,5.000,11088
200_5000,N_N_1,STANDARD,10,95092995,5.000,11919
200_5000,N_N_1,SMART,1,93553653,5.000,11835
200_5000,N_N_1,SMART,2,88540111,5.000,11665
200_5000,N_N_1,SMART,3,90534013,5.001,11040
200_5000,N_N_1,SMART,4,99665920,5.000,11374
200_5000,N_N_1,SMART,5,93099219,5.001,11468
200_5000,N_N_1,SMART,6,88125334,5.000,11670
200_5000,N_N_1,SMART,7,93929539,5.000,11758
200_5000,N_N_1,SMART,8,87443675,5.001,10945
200_5000,N_N_1,SMART,9,94019687,5.000,10936
200_5000,N_N_1,SMART,10,94472294,5.001,11127
200_5000,N_N_2,STANDARD,1,8798140,5.001,12725
200_5000,N_N_2,STANDARD,2,9362171,5.000,11211
200_5000,N_N_2,STANDARD,3,10321520,5.000,10989
200_5000,N_N_2,STANDARD,4,8665279,5.001,11162
200_5000,N_N_2,STANDARD,5,9785874,5.000,11243
200_5000,N_N_2,STANDARD,6,9600623,5.000,11504
200_5000,N_N_2,STANDARD,7,9409457,5.000,11857
200_5000,N_N_2,STANDARD,8,9270978,5.000,10881
200_5000,N_N_2,STANDARD,9,10183093,5.001,11452
200_5000,N_N_2,STANDARD,10,10274842,5.000,11274
200_5000,N_N_2,SMART,1,9303832,5.000,11950
200_5000,N_N_2,SMART,2,8742996,5.000,11850
200_5000,N_N_2,SMART,3,9740791,5.000,11527
200_5000,N_N_2,SMART,4,9903734,5.000,10676
200_5000,N_N_2,SMART,5,8207983,5.000,10882
200_5000,N_N_2,SMART,6,8633509,5.000,11098
200_5000,N_N_2,SMART,7,8585537,5.000,11281
200_5000,N_N_2,SMART,8,9102574,5.000,11412
200_5000,N_N_2,SMART,9,9747285,5.000,11083
200_5000,N_N_2,SMART,10,9565561,5.000,11325
200_5000,N_N_3,STANDARD,1,11309734,5.000,11282
200_5000,N_N_3,STANDARD,2,10832591,5.000,12670
200_5000,N_N_3,STANDARD,3,11546743,5.001,11534
200_5000,N_N_3,STANDARD,4,11277910,5.000,11612
200_5000,N_N_3,STANDARD,5,10794642,5.000,11387
200_5000,N_N_3,STANDARD,6,11960115,5.000,11280
200_5000,N_N_3,STANDARD,7,11458346,5.000,11715
200_5000,N_N_3,STANDARD,8,10952487,5.001,12037
200_5000,N_N_3,STANDARD,9,11078712,5.000,11932
200_5000,N_N_3,STANDARD,10,10720395,5.000,11578
200_5000,N_N_3,SMART,1,11681030,5.000,11730
200_5000,N_N_3,SMART,2,10305602,5.000,12403
200_5000,N_N_3,SMART,3,10319303,5.000,12464
200_5000,N_N_3,SMART,4,9767749,5.000,11795
200_5000,N_N_3,SMART,5,10092186,5.000,11890
200_5000,N_N_3,SMART,6,9443720,5.000,11850
200_5000,N_N_3,SMART,7,10982482,5.000,12131
200_5000,N_N_3,SMART,8,9690769,5.000,12108
200_5000,N_N_3,SMART,9,10000456,5.000,11545
200_5000,N_N_3,SMART,10,9575373,5.000,12083
200_5000,N_N_4,STANDARD,1,4300399,5.001,11498
200_5000,N_N_4,STANDARD,2,4907961,5.000,11487
200_5000,N_N_4,STANDARD,3,3655013,5.000,12426
200_5000,N_N_4,STANDARD,4,4875806,5.000,11064
200_5000,N_N_4,STANDARD,5,4539922,5.000,12411
200_5000,N_N_4,STANDARD,6,4062032,5.000,12349
200_5000,N_N_4,STANDARD,7,4457176,5.000,10905
200_5000,N_N_4,STANDARD,8,4637602,5.000,11776
200_5000,N_N_4,STANDARD,9,4323468,5.000,11412
200_5000,N_N_4,STANDARD,10,3692623,5.000,11747
200_5000,N_N_4,SMART,1,4704556,5.000,11502
200_5000,N_N_4,SMART,2,4175296,5.000,11661
200_5000,N_N_4,SMART,3,4767553,5.000,11364
200_5000,N_N_4,SMART,4,4401876,5.001,12024
200_5000,N_N_4,SMART,5,4204953,5.001,11319
200_5000,N_N_4,SMART,6,4243163,5.000,11265
200_5000,N_N_4,SMART,7,4102985,5.000,11017
200_5000,N_N_4,SMART,8,4283448,5.000,10879
200_5000,N_N_4,SMART,9,4579066,5.000,10832
200_5000,N_N_4,SMART,10,4590173,5.000,11056
200_5000,N_N_5,STANDARD,1,4140527,5.000,11286
200_5000,N_N_5,STANDARD,2,3916239,5.000,11119
200_5000,N_N_5,STANDARD,3,3867506,5.000,10742
200_5000,N_N_5,STANDARD,4,3835834,5.000,12264
200_5000,N_N_5,STANDARD,5,3948289,5.000,10628
200_5000,N_N_5,STANDARD,6,4257267,5.001,11564
200_5000,N_N_5,STANDARD,7,3828714,5.000,11780
200_5000,N_N_5,STANDARD,8,4053133,5.001,12069
200_5000,N_N_5,STANDARD,9,3992927,5.000,12014
200_5000,N_N_5,STANDARD,10,4161721,5.000,12241
200_5000,N_N_5,SMART,1,4250049,5.001,11649
200_5000,N_N_5,SMART,2,4223980,5.000,11623
200_5000,N_N_5,SMART,3,3979827,5.000,11920
200_5000,N_N_5,SMART,4,4045193,5.000,11881
200_5000,N_N_5,SMART,5,4325355,5.000,11757
200_5000,N_N_5,SMART,6,4199909,5.000,11783
200_5000,N_N_5,SMART,7,4287579,5.000,11602
200_5000,N_N_5,SMART,8,4143463,5.000,11616
200_5000,N_N_5,SMART,9,3999428,5.000,11434
200_5000,N_N_5,SMART,10,3940893,5.000,11580
200_5000,N_U_1,STANDARD,1,4676822,5.000,11966
200_5000,N_U_1,STANDARD,2,4844998,5.000,11357
200_5000,N_U_1,STANDARD,3,4591902,5.000,11368
200_5000,N_U_1,STANDARD,4,4835447,5.000,11541
200_5000,N_U_1,STANDARD,5,4654349,5.000,12303
200_5000,N_U_1,STANDARD,6,4640427,5.000,11894
200_5000,N_U_1,STANDARD,7,4563887,5.004,11948
200_5000,N_U_1,STANDARD,8,4799617,5.000,11357
200_5000,N_U_1,STANDARD,9,4651893,5.000,11807
200_5000,N_U_1,STANDARD,10,4661471,5.000,11418
200_5000,N_U_1,SMART,1,4864462,5.000,11640
200_5000,N_U_1,SMART,2,5263245,5.000,11576
200_5000,N_U_1,SMART,3,4779494,5.001,11450
200_5000,N_U_1,SMART,4,4637415,5.000,11908
200_5000,N_U_1,SMART,5,4558338,5.000,12060
200_5000,N_U_1,SMART,6,4714626,5.000,12481
200_5000,N_U_1,SMART,7,4737147,5.000,11626
200_5000,N_U_1,SMART,8,4601218,5.000,11759
200_5000,N_U_1,SMART,9,4768383,5.000,11921
200_5000,N_U_1,SMART,10,4662316,5.000,11809
200_5000,N_U_2,STANDARD,1,17699556,5.000,11971
200_5000,N_U_2,STANDARD,2,18128108,5.000,11849
200_5000,N_U_2,STANDARD,3,17269991,5.000,11424
200_5000,N_U_2,STANDARD,4,17411767,5.000,11415
200_5000,N_U_2,STANDARD,5,18584154,5.000,11404
200_5000,N_U_2,STANDARD,6,17881680,5.000,12141
200_5000,N_U_2,STANDARD,7,17019799,5.000,11359
200_5000,N_U_2,STANDARD,8,16471948,5.000,11296
200_5000,N_U_2,STANDARD,9,17726964,5.000,11411
200_5000,N_U_2,STANDARD,10,17921270,5.000,11576
200_5000,N_U_2,SMART,1,17760185,5.000,11716
200_5000,N_U_2,SMART,2,16410916,5.000,15940
200_5000,N_U_2,SMART,3,15370389,5.000,19532
200_5000,N_U_2,SMART,4,15307084,5.000,19621
200_5000,N_U_2,SMART,5,15895711,5.000,17732
200_5000,N_U_2,SMART,6,15514388,5.000,18788
200_5000,N_U_2,SMART,7,16234814,5.000,16809
200_5000,N_U_2,SMART,8,15600518,5.000,17714
200_5000,N_U_2,SMART,9,15633509,5.000,17600
200_5000,N_U_2,SMART,10,15014621,5.000,18496
200_5000,N_U_3,STANDARD,1,16401452,5.000,18330
200_5000,N_U_3,STANDARD,2,17006593,5.000,17715
200_5000,N_U_3,STANDARD,3,17694056,5.004,17205
200_5000,N_U_3,STANDARD,4,16829896,5.000,17300
200_5000,N_U_3,STANDARD,5,18158397,5.000,17039
200_5000,N_U_3,STANDARD,6,17576182,5.000,17995
200_5000,N_U_3,STANDARD,7,17786854,5.000,16501
200_5000,N_U_3,STANDARD,8,17853888,5.000,16961
200_5000,N_U_3,STANDARD,9,16570899,5.000,17312
200_5000,N_U_3,STANDARD,10,17448505,5.000,16967
200_5000,N_U_3,SMART,1,15744653,5.000,19123
200_5000,N_U_3,SMART,2,15925329,5.000,19478
200_5000,N_U_3,SMART,3,16436839,5.000,19448
200_5000,N_U_3,SMART,4,17103170,5.000,19625
200_5000,N_U_3,SMART,5,15582349,5.000,19069
200_5000,N_U_3,SMART,6,16337222,5.000,15081
200_5000,N_U_3,SMART,7,15826437,5.000,18476
200_5000,N_U_3,SMART,8,16254264,5.000,18652
200_5000,N_U_3,SMART,9,16593824,5.000,17855
200_5000,N_U_3,SMART,10,17818656,5.005,15909
200_5000,N_U_4,STANDARD,1,18908629,5.000,17043
200_5000,N_U_4,STANDARD,2,18654310,5.000,19141
200_5000,N_U_4,STANDARD,3,18531744,5.000,19353
200_5000,N_U_4,STANDARD,4,18351153,5.000,19383
200_5000,N_U_4,STANDARD,5,19627741,5.000,17254
200_5000,N_U_4,STANDARD,6,18931422,5.000,17113
200_5000,N_U_4,STANDARD,7,18805242,5.000,16961
200_5000,N_U_4,STANDARD,8,20779614,5.000,16960
200_5000,N_U_4,STANDARD,9,18786655,5.000,17736
200_5000,N_U_4,STANDARD,10,18266330,5.000,17066
200_5000,N_U_4,SMART,1,17239553,5.000,17774
200_5000,N_U_4,SMART,2,18074154,5.000,16693
200_5000,N_U_4,SMART,3,17948460,5.000,18215
200_5000,N_U_4,SMART,4,17821894,5.000,17221
200_5000,N_U_4,SMART,5,18053451,5.000,17980
200_5000,N_U_4,SMART,6,17588023,5.000,18337
200_5000,N_U_4,SMART,7,18117091,5.000,17471
200_5000,N_U_4,SMART,8,17826806,5.000,16471
200_5000,N_U_4,SMART,9,18409128,5.000,16313
200_5000,N_U_4,SMART,10,17778289,5.000,18327
200_5000,N_U_5,STANDARD,1,15450984,5.000,18198
200_5000,N_U_5,STANDARD,2,15587480,5.000,17914
200_5000,N_U_5,STANDARD,3,16324000,5.000,18181
200_5000,N_U_5,STANDARD,4,15741070,5.000,17889
200_5000,N_U_5,STANDARD,5,15422809,5.000,18876
200_5000,N_U_5,STANDARD,6,15950744,5.000,18609
200_5000,N_U_5,STANDARD,7,15350668,5.000,18862
200_5000,N_U_5,STANDARD,8,15466075,5.000,17412
200_5000,N_U_5,STANDARD,9,15974716,5.000,17130
200_5000,N_U_5,STANDARD,10,15724588,5.000,18020
200_5000,N_U_5,SMART,1,15684797,5.000,17689
200_5000,N_U_5,SMART,2,15035647,5.000,17744
200_5000,N_U_5,SMART,3,15085521,5.000,17491
200_5000,N_U_5,SMART,4,15057548,5.000,16541
200_5000,N_U_5,SMART,5,14672402,5.000,17387
200_5000,N_U_5,SMART,6,14683765,5.000,17506
200_5000,N_U_5,SMART,7,15354430,5.000,18525
200_5000,N_U_5,SMART,8,15351811,5.000,18626
200_5000,N_U_5,SMART,9,15091971,5.000,18636
200_5000,N_U_5,SMART,10,15389460,5.000,18758
200_5000,U_N_1,STANDARD,1,3441694,5.000,18694
200_5000,U_N_1,STANDARD,2,3564068,5.000,18673
200_5000,U_N_1,STANDARD,3,3476366,5.000,17931
200_5000,U_N_1,STANDARD,4,3716210,5.000,18590
200_5000,U_N_1,STANDARD,5,3531733,5.000,18482
200_5000,U_N_1,STANDARD,6,3494565,5.000,17362
200_5000,U_N_1,STANDARD,7,3403151,5.000,19078
200_5000,U_N_1,STANDARD,8,3475939,5.000,17805
200_5000,U_N_1,STANDARD,9,3626572,5.000,17922
200_5000,U_N_1,STANDARD,10,3722787,5.000,18547
200_5000,U_N_1,SMART,1,3789924,5.000,18886
200_5000,U_N_1,SMART,2,3676758,5.000,19137
200_5000,U_N_1,SMART,3,3536897,5.000,18938
200_5000,U_N_1,SMART,4,3516273,5.000,19091
200_5000,U_N_1,SMART,5,3548794,5.000,19590
200_5000,U_N_1,SMART,6,3780363,5.000,19575
200_5000,U_N_1,SMART,7,3595544,5.000,19581
200_5000,U_N_1,SMART,8,3607794,5.000,19528
200_5000,U_N_1,SMART,9,3580405,5.000,19521
200_5000,U_N_1,SMART,10,3693699,5.000,19421
200_5000,U_N_2,STANDARD,1,6157736,5.000,19846
200_5000,U_N_2,STANDARD,2,6303819,5.000,19890
200_5000,U_N_2,STANDARD,3,6342620,5.000,19884
200_5000,U_N_2,STANDARD,4,6122219,5.000,18000
200_5000,U_N_2,STANDARD,5,6459263,5.000,18631
200_5000,U_N_2,STANDARD,6,6256679,5.000,19418
200_5000,U_N_2,STANDARD,7,5993709,5.000,19624
200_5000,U_N_2,STANDARD,8,6248535,5.000,19418
200_5000,U_N_2,STANDARD,9,6229902,5.000,19621
200_5000,U_N_2,STANDARD,10,6169605,5.000,19863
200_5000,U_N_2,SMART,1,5998181,5.000,19346
200_5000,U_N_2,SMART,2,5988404,5.000,19774
200_5000,U_N_2,SMART,3,5934204,5.000,19527
200_5000,U_N_2,SMART,4,5912972,5.000,19055
200_5000,U_N_2,SMART,5,6073971,5.000,17395
200_5000,U_N_2,SMART,6,6044589,5.000,17917
200_5000,U_N_2,SMART,7,5996186,5.000,15615
200_5000,U_N_2,SMART,8,5921845,5.000,15935
200_5000,U_N_2,SMART,9,6046277,5.000,17492
200_5000,U_N_2,SMART,10,6064393,5.000,15328
200_5000,U_N_3,STANDARD,1,28381362,5.000,16312
200_5000,U_N_3,STANDARD,2,26734809,5.000,17501
200_5000,U_N_3,STANDARD,3,28196510,5.000,17827
200_5000,U_N_3,STANDARD,4,26477188,5.005,17781
200_5000,U_N_3,STANDARD,5,27522533,5.000,17595
200_5000,U_N_3,STANDARD,6,26428888,5.000,18447
200_5000,U_N_3,STANDARD,7,28077890,5.000,17695
200_5000,U_N_3,STANDARD,8,27217712,5.000,17909
200_5000,U_N_3,STANDARD,9,26901981,5.000,17511
200_5000,U_N_3,STANDARD,10,27495379,5.000,15571
200_5000,U_N_3,SMART,1,25201457,5.000,17602
200_5000,U_N_3,SMART,2,25878003,5.000,18710
200_5000,U_N_3,SMART,3,24218622,5.000,18073
200_5000,U_N_3,SMART,4,26242977,5.000,17871
200_5000,U_N_3,SMART,5,26059615,5.000,17775
200_5000,U_N_3,SMART,6,25090182,5.000,17253
200_5000,U_N_3,SMART,7,26170116,5.000,15461
200_5000,U_N_3,SMART,8,26286846,5.000,17643
200_5000,U_N_3,SMART,9,24327616,5.000,17720
200_5000,U_N_3,SMART,10,26322716,5.000,18178
200_5000,U_N_4,STANDARD,1,50547947,5.000,17751
200_5000,U_N_4,STANDARD,2,48947076,5.000,17250
200_5000,U_N_4,STANDARD,3,49544380,5.000,17509
200_5000,U_N_4,STANDARD,4,50976682,5.000,17783
200_5000,U_N_4,STANDARD,5,49034174,5.000,16095
200_5000,U_N_4,STANDARD,6,50362561,5.000,17027
200_5000,U_N_4,STANDARD,7,51303031,5.005,14789
200_5000,U_N_4,STANDARD,8,49576332,5.000,15493
200_5000,U_N_4,STANDARD,9,49672503,5.000,17173
200_5000,U_N_4,STANDARD,10,50751941,5.000,18021
200_5000,U_N_4,SMART,1,46259002,5.000,18290
200_5000,U_N_4,SMART,2,48089764,5.000,17561
200_5000,U_N_4,SMART,3,47283762,5.000,16776
200_5000,U_N_4,SMART,4,47049361,5.000,16719
200_5000,U_N_4,SMART,5,44301236,5.000,17327
200_5000,U_N_4,SMART,6,46253518,5.000,15336
200_5000,U_N_4,SMART,7,46792249,5.000,16872
200_5000,U_N_4,SMART,8,46744787,5.000,15510
200_5000,U_N_4,SMART,9,48720608,5.000,13264
200_5000,U_N_4,SMART,10,49012284,5.000,16116
200_5000,U_N_5,STANDARD,1,3515088,5.000,16515
200_5000,U_N_5,STANDARD,2,3634296,5.000,17673
200_5000,U_N_5,STANDARD,3,3510120,5.000,18990
200_5000,U_N_5,STANDARD,4,3564122,5.000,17987
200_5000,U_N_5,STANDARD,5,3848786,5.000,18496
200_5000,U_N_5,STANDARD,6,3767743,5.000,19072
200_5000,U_N_5,STANDARD,7,3618099,5.000,18755
200_5000,U_N_5,STANDARD,8,3288432,5.000,17889
200_5000,U_N_5,STANDARD,9,3479476,5.000,17887
200_5000,U_N_5,STANDARD,10,3634799,5.000,17274
200_5000,U_N_5,SMART,1,3775498,5.000,17395
200_5000,U_N_5,SMART,2,4161710,5.000,17872
200_5000,U_N_5,SMART,3,4030868,5.000,17158
200_5000,U_N_5,SMART,4,3885762,5.000,18109
200_5000,U_N_5,SMART,5,3725000,5.000,18361
200_5000,U_N_5,SMART,6,3711258,5.000,17347
200_5000,U_N_5,SMART,7,3638049,5.000,18006
200_5000,U_N_5,SMART,8,3585738,5.000,17843
200_5000,U_N_5,SMART,9,3946663,5.000,18053
200_5000,U_N_5,SMART,10,3793843,5.000,17338
200_5000,U_U_1,STANDARD,1,3164886,5.000,17826
200_5000,U_U_1,STANDARD,2,3237597,5.000,18202
200_5000,U_U_1,STANDARD,3,3175017,5.000,17918
200_5000,U_U_1,STANDARD,4,3123756,5.000,18014
200_5000,U_U_1,STANDARD,5,3237853,5.000,16796
200_5000,U_U_1,STANDARD,6,3226597,5.000,18316
200_5000,U_U_1,STANDARD,7,3179572,5.000,17567
200_5000,U_U_1,STANDARD,8,3222314,5.000,16297
200_5000,U_U_1,STANDARD,9,3189144,5.000,17664
200_5000,U_U_1,STANDARD,10,3183176,5.000,17462
200_5000,U_U_1,SMART,1,3228052,5.000,17998
200_5000,U_U_1,SMART,2,3237853,5.000,17561
200_5000,U_U_1,SMART,3,3237853,5.000,18269
200_5000,U_U_1,SMART,4,3237853,5.000,18008
200_5000,U_U_1,SMART,5,3053296,5.000,18355
200_5000,U_U_1,SMART,6,3212848,5.000,18511
200_5000,U_U_1,SMART,7,3148388,5.000,18128
200_5000,U_U_1,SMART,8,3220868,5.000,18554
200_5000,U_U_1,SMART,9,3214184,5.000,17725
200_5000,U_U_1,SMART,10,3237853,5.000,18488
200_5000,U_U_2,STANDARD,1,3908619,5.000,17693
200_5000,U_U_2,STANDARD,2,3958273,5.000,18200
200_5000,U_U_2,STANDARD,3,3878712,5.000,19081
200_5000,U_U_2,STANDARD,4,3910472,5.000,19731
200_5000,U_U_2,STANDARD,5,4032588,5.000,19297
200_5000,U_U_2,STANDARD,6,3871554,5.000,19804
200_5000,U_U_2,STANDARD,7,3869856,5.000,19734
200_5000,U_U_2,STANDARD,8,3871902,5.000,18576
200_5000,U_U_2,STANDARD,9,3841899,5.002,18892
200_5000,U_U_2,STANDARD,10,3852988,5.000,19570
200_5000,U_U_2,SMART,1,3828564,5.000,19865
200_5000,U_U_2,SMART,2,3836249,5.000,19858
200_5000,U_U_2,SMART,3,3894040,5.000,19603
200_5000,U_U_2,SMART,4,3823462,5.000,19980
200_5000,U_U_2,SMART,5,3816996,5.000,19284
200_5000,U_U_2,SMART,6,3813077,5.000,19472
200_5000,U_U_2,SMART,7,3818308,5.000,19565
200_5000,U_U_2,SMART,8,3846553,5.000,19136
200_5000,U_U_2,SMART,9,3839156,5.000,18750
200_5000,U_U_2,SMART,10,3818682,5.000,18425
200_5000,U_U_3,STANDARD,1,12052766,5.000,18923
200_5000,U_U_3,STANDARD,2,11857921,5.000,18642
200_5000,U_U_3,STANDARD,3,11685997,5.000,19242
200_5000,U_U_3,STANDARD,4,11987675,5.000,19151
200_5000,U_U_3,STANDARD,5,11926259,5.000,19003
200_5000,U_U_3,STANDARD,6,11867239,5.000,18234
200_5000,U_U_3,STANDARD,7,11802743,5.000,18395
200_5000,U_U_3,STANDARD,8,12465343,5.000,17891
200_5000,U_U_3,STANDARD,9,11568320,5.000,18370
200_5000,U_U_3,STANDARD,10,12273129,5.000,18013
200_5000,U_U_3,SMART,1,10561792,5.000,17604
200_5000,U_U_3,SMART,2,10466918,5.000,18226
200_5000,U_U_3,SMART,3,11628005,5.000,17701
200_5000,U_U_3,SMART,4,10680635,5.000,18093
200_5000,U_U_3,SMART,5,11381758,5.000,18723
200_5000,U_U_3,SMART,6,10579426,5.000,18986
200_5000,U_U_3,SMART,7,11660200,5.000,18736
200_5000,U_U_3,SMART,8,10769732,5.000,18482
200_5000,U_U_3,SMART,9,10374785,5.000,18709
200_5000,U_U_3,SMART,10,11122244,5.000,18648
200_5000,U_U_4,STANDARD,1,2955449,5.000,19103
200_5000,U_U_4,STANDARD,2,2940083,5.000,18530
200_5000,U_U_4,STANDARD,3,3000545,5.000,18691
200_5000,U_U_4,STANDARD,4,3018800,5.000,19062
200_5000,U_U_4,STANDARD,5,3018800,5.000,18663
200_5000,U_U_4,STANDARD,6,3017591,5.000,19081
200_5000,U_U_4,STANDARD,7,3018800,5.000,19069
200_5000,U_U_4,STANDARD,8,2961574,5.000,18402
200_5000,U_U_4,STANDARD,9,2989574,5.000,18830
200_5000,U_U_4,STANDARD,10,2999254,5.000,18982
200_5000,U_U_4,SMART,1,3015569,5.001,19123
200_5000,U_U_4,SMART,2,3018800,5.000,18865
200_5000,U_U_4,SMART,3,3007142,5.000,18692
200_5000,U_U_4,SMART,4,3012848,5.000,18901
200_5000,U_U_4,SMART,5,2994253,5.000,19073
200_5000,U_U_4,SMART,6,2963415,5.000,18077
200_5000,U_U_4,SMART,7,3018800,5.000,18910
200_5000,U_U_4,SMART,8,3018252,5.000,18340
200_5000,U_U_4,SMART,9,3018800,5.000,18868
200_5000,U_U_4,SMART,10,2931961,5.000,18170
200_5000,U_U_5,STANDARD,1,3527436,5.000,18110
200_5000,U_U_5,STANDARD,2,3575433,5.000,18452
200_5000,U_U_5,STANDARD,3,3575304,5.000,18955
200_5000,U_U_5,STANDARD,4,3335218,5.000,18722
200_5000,U_U_5,STANDARD,5,3554205,5.000,18903
200_5000,U_U_5,STANDARD,6,3274252,5.000,19071
200_5000,U_U_5,STANDARD,7,3386459,5.000,18622
200_5000,U_U_5,STANDARD,8,3484297,5.000,18556
200_5000,U_U_5,STANDARD,9,3519338,5.000,18894
200_5000,U_U_5,STANDARD,10,3501457,5.000,18839
200_5000,U_U_5,SMART,1,3575101,5.000,18900
200_5000,U_U_5,SMART,2,3318425,5.000,18894
200_5000,U_U_5,SMART,3,3555153,5.000,18816
200_5000,U_U_5,SMART,4,3577589,5.000,18978
200_5000,U_U_5,SMART,5,3577589,5.000,19201
200_5000,U_U_5,SMART,6,3457388,5.000,18953
200_5000,U_U_5,SMART,7,3577589,5.000,19006
200_5000,U_U_5,SMART,8,3557619,5.000,18638
200_5000,U_U_5,SMART,9,3558558,5.000,18726
200_5000,U_U_5,SMART,10,3577589,5.000,19127
500_10000,N_N_1,STANDARD,1,119465805,5.001,9306
500_10000,N_N_1,STANDARD,2,117088376,5.000,9498
500_10000,N_N_1,STANDARD,3,118807939,5.000,9384
500_10000,N_N_1,STANDARD,4,117008781,5.017,9417
500_10000,N_N_1,STANDARD,5,116118814,5.020,9304
500_10000,N_N_1,STANDARD,6,116686598,5.000,9281
500_10000,N_N_1,STANDARD,7,119415207,5.000,9503
500_10000,N_N_1,STANDARD,8,115057298,5.001,9462
500_10000,N_N_1,STANDARD,9,122087413,5.000,9296
500_10000,N_N_1,STANDARD,10,118892627,5.000,9438
500_10000,N_N_1,SMART,1,115619272,5.000,9146
500_10000,N_N_1,SMART,2,116107736,5.000,9403
500_10000,N_N_1,SMART,3,115279846,5.009,9519
500_10000,N_N_1,SMART,4,116913362,5.000,9193
500_10000,N_N_1,SMART,5,114506763,5.000,8813
500_10000,N_N_1,SMART,6,113376151,5.000,9259
500_10000,N_N_1,SMART,7,116742176,5.000,9013
500_10000,N_N_1,SMART,8,115447653,5.000,9167
500_10000,N_N_1,SMART,9,118599446,5.000,9427
500_10000,N_N_1,SMART,10,120312546,5.000,9169
500_10000,N_N_2,STANDARD,1,7764445,5.000,9267
500_10000,N_N_2,STANDARD,2,8033231,5.000,9042
500_10000,N_N_2,STANDARD,3,7825319,5.001,9476
500_10000,N_N_2,STANDARD,4,8007124,5.000,9362
500_10000,N_N_2,STANDARD,5,8096445,5.000,9241
500_10000,N_N_2,STANDARD,6,8226034,5.000,9159
500_10000,N_N_2,STANDARD,7,8167629,5.000,9377
500_10000,N_N_2,STANDARD,8,7403383,5.000,9464
500_10000,N_N_2,STANDARD,9,8368651,5.000,9330
500_10000,N_N_2,STANDARD,10,8016817,5.000,9678
500_10000,N_N_2,SMART,1,9313580,5.000,9285
500_10000,N_N_2,SMART,2,8044150,5.000,9561
500_10000,N_N_2,SMART,3,9751124,5.000,9483
500_10000,N_N_2,SMART,4,8245938,5.000,9575
500_10000,N_N_2,SMART,5,8348641,5.000,9728
500_10000,N_N_2,SMART,6,8381292,5.000,9531
500_10000,N_N_2,SMART,7,8131108,5.000,9602
500_10000,N_N_2,SMART,8,8184047,5.000,9382
500_10000,N_N_2,SMART,9,8055702,5.000,9557
500_10000,N_N_2,SMART,10,7572142,5.000,9641
500_10000,N_N_3,STANDARD,1,7997284,5.000,9506
500_10000,N_N_3,STANDARD,2,7991846,5.000,9556
500_10000,N_N_3,STANDARD,3,8110528,5.000,9582
500_10000,N_N_3,STANDARD,4,7490954,5.000,9342
500_10000,N_N_3,STANDARD,5,7044527,5.000,9649
500_10000,N_N_3,STANDARD,6,7208095,5.000,9616
500_10000,N_N_3,STANDARD,7,8521435,5.000,8966
500_10000,N_N_3,STANDARD,8,7311967,5.001,9125
500_10000,N_N_3,STANDARD,9,7561766,5.000,9486
500_10000,N_N_3,STANDARD,10,7512876,5.000,9470
500_10000,N_N_3,SMART,1,7303833,5.000,9390
500_10000,N_N_3,SMART,2,8159318,5.000,9468
500_10000,N_N_3,SMART,3,8147999,5.001,9301
500_10000,N_N_3,SMART,4,8747182,5.000,9266
500_10000,N_N_3,SMART,5,8304129,5.000,8875
500_10000,N_N_3,SMART,6,7906094,5.000,9388
500_10000,N_N_3,SMART,7,7378054,5.000,9137
500_10000,N_N_3,SMART,8,7417643,5.000,8935
500_10000,N_N_3,SMART,9,8097730,5.000,8948
500_10000,N_N_3,SMART,10,7649789,5.000,9143
500_10000,N_N_4,STANDARD,1,7108601,5.000,9172
500_10000,N_N_4,STANDARD,2,7037243,5.000,9187
500_10000,N_N_4,STANDARD,3,6565217,5.000,9245
500_10000,N_N_4,STANDARD,4,7146591,5.001,9116
500_10000,N_N_4,STANDARD,5,7365334,5.000,9293
500_10000,N_N_4,STANDARD,6,6475457,5.000,9491
500_10000,N_N_4,STANDARD,7,7069901,5.000,9261
500_10000,N_N_4,STANDARD,8,6406637,5.000,9403
500_10000,N_N_4,STANDARD,9,7047714,5.000,9450
500_10000,N_N_4,STANDARD,10,6658249,5.000,9278
500_10000,N_N_4,SMART,1,7457236,5.000,9216
500_10000,N_N_4,SMART,2,6779361,5.000,9371
500_10000,N_N_4,SMART,3,7563812,5.000,9085
500_10000,N_N_4,SMART,4,6457919,5.000,9530
500_10000,N_N_4,SMART,5,7294625,5.001,9370
500_10000,N_N_4,SMART,6,6384437,5.000,9404
500_10000,N_N_4,SMART,7,7174328,5.000,9175
500_10000,N_N_4,SMART,8,7226711,5.000,9297
500_10000,N_N_4,SMART,9,7588168,5.000,9317
500_10000,N_N_4,SMART,10,7080937,5.001,9388
500_10000,N_N_5,STANDARD,1,100281349,5.000,9368
500_10000,N_N_5,STANDARD,2,107024373,5.000,9312
500_10000,N_N_5,STANDARD,3,105056585,5.001,9303
500_10000,N_N_5,STANDARD,4,103988431,5.000,9557
500_10000,N_N_5,STANDARD,5,104394783,5.001,9476
500_10000,N_N_5,STANDARD,6,103628521,5.000,9594
500_10000,N_N_5,STANDARD,7,106764196,5.000,9537
500_10000,N_N_5,STANDARD,8,103866204,5.000,9819
500_10000,N_N_5,STANDARD,9,97725627,5.000,9844
500_10000,N_N_5,STANDARD,10,99012352,5.000,9785
500_10000,N_N_5,SMART,1,96788315,5.000,9757
500_10000,N_N_5,SMART,2,102764696,5.000,9900
500_10000,N_N_5,SMART,3,102711435,5.000,9832
500_10000,N_N_5,SMART,4,100468916,5.000,10034
500_10000,N_N_5,SMART,5,100471164,5.000,9770
500_10000,N_N_5,SMART,6,97821574,5.000,9955
500_10000,N_N_5,SMART,7,98264174,5.000,9703
500_10000,N_N_5,SMART,8,100592029,5.000,9933
500_10000,N_N_5,SMART,9,101868681,5.000,10019
500_10000,N_N_5,SMART,10,109912191,5.000,9941
500_10000,N_U_1,STANDARD,1,9812292,5.000,10426
500_10000,N_U_1,STANDARD,2,10086848,5.000,10338
500_10000,N_U_1,STANDARD,3,10029411,5.000,10234
500_10000,N_U_1,STANDARD,4,9765311,5.000,10450
500_10000,N_U_1,STANDARD,5,13198312,5.000,10040
500_10000,N_U_1,STANDARD,6,12436725,5.000,10086
500_10000,N_U_1,STANDARD,7,10967936,5.000,10152
500_10000,N_U_1,STANDARD,8,9830760,5.000,9986
500_10000,N_U_1,STANDARD,9,10507003,5.000,9749
500_10000,N_U_1,STANDARD,10,10942687,5.000,9954
500_10000,N_U_1,SMART,1,10804608,5.000,9958
500_10000,N_U_1,SMART,2,12342447,5.001,9924
500_10000,N_U_1,SMART,3,11315194,5.000,10140
500_10000,N_U_1,SMART,4,10016823,5.001,10102
500_10000,N_U_1,SMART,5,10079343,5.000,10164
500_10000,N_U_1,SMART,6,13491601,5.000,10219
500_10000,N_U_1,SMART,7,11597324,5.000,10042
500_10000,N_U_1,SMART,8,10410489,5.000,10264
500_10000,N_U_1,SMART,9,10986005,5.000,10328
500_10000,N_U_1,SMART,10,10875161,5.000,10170
500_10000,N_U_2,STANDARD,1,37645953,5.001,10264
500_10000,N_U_2,STANDARD,2,37797296,5.000,9944
500_10000,N_U_2,STANDARD,3,37390962,5.000,9825
500_10000,N_U_2,STANDARD,4,37901870,5.000,9888
500_10000,N_U_2,STANDARD,5,35815648,5.000,9914
500_10000,N_U_2,STANDARD,6,37631993,5.000,10041
500_10000,N_U_2,STANDARD,7,37869954,5.000,9965
500_10000,N_U_2,STANDARD,8,37950749,5.000,9908
500_10000,N_U_2,STANDARD,9,38147893,5.000,10071
500_10000,N_U_2,STANDARD,10,38541093,5.001,9805
500_10000,N_U_2,SMART,1,35868378,5.000,9940
500_10000,N_U_2,SMART,2,37364319,5.000,9989
500_10000,N_U_2,SMART,3,37353459,5.000,8888
500_10000,N_U_2,SMART,4,38155921,5.000,9449
500_10000,N_U_2,SMART,5,36517902,5.000,9911
500_10000,N_U_2,SMART,6,36595938,5.000,10122
500_10000,N_U_2,SMART,7,38592540,5.000,10070
500_10000,N_U_2,SMART,8,36099651,5.000,9736
500_10000,N_U_2,SMART,9,38431590,5.000,9550
500_10000,N_U_2,SMART,10,36441445,5.000,9279
500_10000,N_U_3,STANDARD,1,9220464,5.000,9431
500_10000,N_U_3,STANDARD,2,9810730,5.000,9606
500_10000,N_U_3,STANDARD,3,8905639,5.000,9379
500_10000,N_U_3,STANDARD,4,9860571,5.000,9570
500_10000,N_U_3,STANDARD,5,8822007,5.000,9499
500_10000,N_U_3,STANDARD,6,9330118,5.000,9483
500_10000,N_U_3,STANDARD,7,9543908,5.000,9582
500_10000,N_U_3,STANDARD,8,8824793,5.000,10125
500_10000,N_U_3,STANDARD,9,9467781,5.000,10024
500_10000,N_U_3,STANDARD,10,9318424,5.000,10321
500_10000,N_U_3,SMART,1,9571766,5.000,10079
500_10000,N_U_3,SMART,2,8830755,5.000,10065
500_10000,N_U_3,SMART,3,10637621,5.000,9179
500_10000,N_U_3,SMART,4,8736559,5.009,9547
500_10000,N_U_3,SMART,5,9833390,5.000,9263
500_10000,N_U_3,SMART,6,9655525,5.001,9418
500_10000,N_U_3,SMART,7,8638050,5.000,9472
500_10000,N_U_3,SMART,8,9784189,5.000,9579
500_10000,N_U_3,SMART,9,9205354,5.000,9410
500_10000,N_U_3,SMART,10,8609383,5.001,9529
500_10000,N_U_4,STANDARD,1,32808348,5.000,9218
500_10000,N_U_4,STANDARD,2,31410425,5.001,9504
500_10000,N_U_4,STANDARD,3,30783067,5.007,9479
500_10000,N_U_4,STANDARD,4,31770470,5.000,9544
500_10000,N_U_4,STANDARD,5,30741769,5.001,9662
500_10000,N_U_4,STANDARD,6,30549386,5.000,9547
500_10000,N_U_4,STANDARD,7,31279454,5.000,9521
500_10000,N_U_4,STANDARD,8,30551109,5.000,9566
500_10000,N_U_4,STANDARD,9,31198187,5.000,9376
500_10000,N_U_4,STANDARD,10,30579294,5.000,9334
500_10000,N_U_4,SMART,1,30992267,5.001,9227
500_10000,N_U_4,SMART,2,29857112,5.000,9325
500_10000,N_U_4,SMART,3,31256197,5.000,9423
500_10000,N_U_4,SMART,4,29298540,5.000,9354
500_10000,N_U_4,SMART,5,29933627,5.000,9508
500_10000,N_U_4,SMART,6,30528935,5.000,9492
500_10000,N_U_4,SMART,7,29173046,5.001,9315
500_10000,N_U_4,SMART,8,29891669,5.001,9666
500_10000,N_U_4,SMART,9,31104306,5.000,9592
500_10000,N_U_4,SMART,10,29159556,5.000,9504
500_10000,N_U_5,STANDARD,1,26774674,5.000,9384
500_10000,N_U_5,STANDARD,2,26618844,5.001,9747
500_10000,N_U_5,STANDARD,3,25726626,5.000,9502
500_10000,N_U_5,STANDARD,4,25998416,5.000,9515
500_10000,N_U_5,STANDARD,5,26298887,5.000,9375
500_10000,N_U_5,STANDARD,6,25233718,5.000,9615
500_10000,N_U_5,STANDARD,7,25864112,5.000,9541
500_10000,N_U_5,STANDARD,8,25770702,5.001,9465
500_10000,N_U_5,STANDARD,9,25794183,5.000,9367
500_10000,N_U_5,STANDARD,10,26077161,5.000,9320
500_10000,N_U_5,SMART,1,24709035,5.000,9595
500_10000,N_U_5,SMART,2,24830068,5.000,9581
500_10000,N_U_5,SMART,3,24906351,5.001,9644
500_10000,N_U_5,SMART,4,24562002,5.000,9439
500_10000,N_U_5,SMART,5,24927278,5.001,9529
500_10000,N_U_5,SMART,6,25510621,5.000,9567
500_10000,N_U_5,SMART,7,25514435,5.000,9288
500_10000,N_U_5,SMART,8,24802151,5.000,9438
500_10000,N_U_5,SMART,9,25519127,5.000,9529
500_10000,N_U_5,SMART,10,25543548,5.000,9572
500_10000,U_N_1,STANDARD,1,7628919,5.000,9119
500_10000,U_N_1,STANDARD,2,6868648,5.001,9096
500_10000,U_N_1,STANDARD,3,6861683,5.000,9746
500_10000,U_N_1,STANDARD,4,7415212,5.000,9642
500_10000,U_N_1,STANDARD,5,7449946,5.000,9573
500_10000,U_N_1,STANDARD,6,6969353,5.001,9779
500_10000,U_N_1,STANDARD,7,7671543,5.000,9661
500_10000,U_N_1,STANDARD,8,7577749,5.000,9570
500_10000,U_N_1,STANDARD,9,6969933,5.001,9232
500_10000,U_N_1,STANDARD,10,6799162,5.001,8301
500_10000,U_N_1,SMART,1,7643397,5.000,6091
500_10000,U_N_1,SMART,2,8334568,5.000,6787
500_10000,U_N_1,SMART,3,7114461,5.000,9376
500_10000,U_N_1,SMART,4,6882711,5.000,9320
500_10000,U_N_1,SMART,5,7858274,5.000,9582
500_10000,U_N_1,SMART,6,7482606,5.000,9487
500_10000,U_N_1,SMART,7,7085224,5.000,9590
500_10000,U_N_1,SMART,8,7702858,5.000,8515
500_10000,U_N_1,SMART,9,8111961,5.001,9219
500_10000,U_N_1,SMART,10,7750670,5.000,8986
500_10000,U_N_2,STANDARD,1,8227253,5.000,9479
500_10000,U_N_2,STANDARD,2,10168630,5.000,8890
500_10000,U_N_2,STANDARD,3,8284070,5.000,9169
500_10000,U_N_2,STANDARD,4,8439817,5.001,9285
500_10000,U_N_2,STANDARD,5,10407146,5.000,8881
500_10000,U_N_2,STANDARD,6,9897592,5.000,7801
500_10000,U_N_2,STANDARD,7,9971027,5.000,8038
500_10000,U_N_2,STANDARD,8,9087717,5.001,8887
500_10000,U_N_2,STANDARD,9,9987298,5.000,9293
500_10000,U_N_2,STANDARD,10,10265075,5.000,8957
500_10000,U_N_2,SMART,1,9571297,5.000,9155
500_10000,U_N_2,SMART,2,9808359,5.000,8946
500_10000,U_N_2,SMART,3,10466401,5.000,8726
500_10000,U_N_2,SMART,4,9171328,5.000,9331
500_10000,U_N_2,SMART,5,10779428,5.000,9298
500_10000,U_N_2,SMART,6,11541981,5.001,9051
500_10000,U_N_2,SMART,7,9293079,5.000,9307
500_10000,U_N_2,SMART,8,10612200,5.000,9119
500_10000,U_N_2,SMART,9,11201482,5.001,8280
500_10000,U_N_2,SMART,10,9116815,5.000,10106
500_10000,U_N_3,STANDARD,1,112695429,5.001,9272
500_10000,U_N_3,STANDARD,2,111326229,5.000,8994
500_10000,U_N_3,STANDARD,3,110675705,5.000,9281
500_10000,U_N_3,STANDARD,4,110168627,5.000,9247
500_10000,U_N_3,STANDARD,5,115741140,5.000,9436
500_10000,U_N_3,STANDARD,6,111589061,5.000,9214
500_10000,U_N_3,STANDARD,7,114576999,5.000,9294
500_10000,U_N_3,STANDARD,8,118074770,5.000,9411
500_10000,U_N_3,STANDARD,9,113737336,5.000,9473
500_10000,U_N_3,STANDARD,10,111208910,5.000,9614
500_10000,U_N_3,SMART,1,111251877,5.001,9503
500_10000,U_N_3,SMART,2,101939099,5.000,9901
500_10000,U_N_3,SMART,3,105653140,5.000,9873
500_10000,U_N_3,SMART,4,105238526,5.000,9273
500_10000,U_N_3,SMART,5,108901078,5.000,9369
500_10000,U_N_3,SMART,6,102661581,5.000,9856
500_10000,U_N_3,SMART,7,104978152,5.000,9149
500_10000,U_N_3,SMART,8,104391204,5.000,9460
500_10000,U_N_3,SMART,9,106887410,5.000,9111
500_10000,U_N_3,SMART,10,105670960,5.000,9427
500_10000,U_N_4,STANDARD,1,6076764,5.000,9134
500_10000,U_N_4,STANDARD,2,6557059,5.000,9061
500_10000,U_N_4,STANDARD,3,6033524,5.000,8902
500_10000,U_N_4,STANDARD,4,6109625,5.000,8749
500_10000,U_N_4,STANDARD,5,5892510,5.001,8467
500_10000,U_N_4,STANDARD,6,6048371,5.001,8006
500_10000,U_N_4,STANDARD,7,6331720,5.000,9300
500_10000,U_N_4,STANDARD,8,6356933,5.000,9568
500_10000,U_N_4,STANDARD,9,6542302,5.000,9540
500_10000,U_N_4,STANDARD,10,6761246,5.000,6002
500_10000,U_N_4,SMART,1,6851215,5.001,4911
500_10000,U_N_4,SMART,2,6770472,5.001,5204
500_10000,U_N_4,SMART,3,7132748,5.000,4828
500_10000,U_N_4,SMART,4,6494896,5.001,5167
500_10000,U_N_4,SMART,5,6980209,5.001,5016
500_10000,U_N_4,SMART,6,6618719,5.001,5127
500_10000,U_N_4,SMART,7,6865205,5.001,5185
500_10000,U_N_4,SMART,8,6818036,5.001,5253
500_10000,U_N_4,SMART,9,6869155,5.001,5064
500_10000,U_N_4,SMART,10,6599312,5.001,5081
500_10000,U_N_5,STANDARD,1,6822001,5.000,5049
500_10000,U_N_5,STANDARD,2,6758783,5.001,5065
500_10000,U_N_5,STANDARD,3,5742901,5.000,5065
500_10000,U_N_5,STANDARD,4,6635720,5.000,5169
500_10000,U_N_5,STANDARD,5,6624089,5.000,5060
500_10000,U_N_5,STANDARD,6,6903983,5.002,5080
500_10000,U_N_5,STANDARD,7,6288469,5.000,5044
500_10000,U_N_5,STANDARD,8,6216565,5.000,5286
500_10000,U_N_5,STANDARD,9,6559724,5.000,5027
500_10000,U_N_5,STANDARD,10,6737847,5.001,5816
500_10000,U_N_5,SMART,1,6707872,5.001,5680
500_10000,U_N_5,SMART,2,7027679,5.000,5531
500_10000,U_N_5,SMART,3,6719202,5.001,5252
500_10000,U_N_5,SMART,4,6719269,5.001,5040
500_10000,U_N_5,SMART,5,7168939,5.000,5011
500_10000,U_N_5,SMART,6,6641096,5.001,5163
500_10000,U_N_5,SMART,7,6638507,5.001,5165
500_10000,U_N_5,SMART,8,6596998,5.001,5139
500_10000,U_N_5,SMART,9,7023025,5.000,5106
500_10000,U_N_5,SMART,10,7326385,5.000,5193
500_10000,U_U_1,STANDARD,1,11460289,5.000,5219
500_10000,U_U_1,STANDARD,2,11657858,5.001,5303
500_10000,U_U_1,STANDARD,3,10213669,5.000,5205
500_10000,U_U_1,STANDARD,4,8794917,5.001,8381
500_10000,U_U_1,STANDARD,5,8275667,5.000,9475
500_10000,U_U_1,STANDARD,6,9485251,5.000,10004
500_10000,U_U_1,STANDARD,7,8285247,5.000,9691
500_10000,U_U_1,STANDARD,8,9200530,5.000,9846
500_10000,U_U_1,STANDARD,9,8034429,5.000,9933
500_10000,U_U_1,STANDARD,10,7854908,5.000,9818
500_10000,U_U_1,SMART,1,7608905,5.000,10058
500_10000,U_U_1,SMART,2,8142123,5.000,9956
500_10000,U_U_1,SMART,3,8731752,5.000,9658
500_10000,U_U_1,SMART,4,8796306,5.001,9090
500_10000,U_U_1,SMART,5,9458115,5.000,9686
500_10000,U_U_1,SMART,6,9640444,5.000,9693
500_10000,U_U_1,SMART,7,9040141,5.000,9739
500_10000,U_U_1,SMART,8,8347364,5.000,9603
500_10000,U_U_1,SMART,9,9259919,5.001,9904
500_10000,U_U_1,SMART,10,7647637,5.000,9837
500_10000,U_U_2,STANDARD,1,7875375,5.001,9721
500_10000,U_U_2,STANDARD,2,7916280,5.000,10019
500_10000,U_U_2,STANDARD,3,7800486,5.000,9929
500_10000,U_U_2,STANDARD,4,7809151,5.000,9706
500_10000,U_U_2,STANDARD,5,7393913,5.000,9810
500_10000,U_U_2,STANDARD,6,7518190,5.000,10002
500_10000,U_U_2,STANDARD,7,7915010,5.000,9778
500_10000,U_U_2,STANDARD,8,7267813,5.001,9291
500_10000,U_U_2,STANDARD,9,7593356,5.000,9934
500_10000,U_U_2,STANDARD,10,8487339,5.000,9323
500_10000,U_U_2,SMART,1,8276541,5.000,9438
500_10000,U_U_2,SMART,2,7297790,5.000,9936
500_10000,U_U_2,SMART,3,8969290,5.000,9595
500_10000,U_U_2,SMART,4,9064273,5.000,9801
500_10000,U_U_2,SMART,5,7577939,5.000,9658
500_10000,U_U_2,SMART,6,8602843,5.000,9555
500_10000,U_U_2,SMART,7,9190929,5.000,9583
500_10000,U_U_2,SMART,8,8012832,5.000,9760
500_10000,U_U_2,SMART,9,8905713,5.000,8136
500_10000,U_U_2,SMART,10,10194147,5.001,5564
500_10000,U_U_3,STANDARD,1,27592826,5.001,5243
500_10000,U_U_3,STANDARD,2,27609080,5.001,5196
500_10000,U_U_3,STANDARD,3,26809716,5.001,5695
500_10000,U_U_3,STANDARD,4,27910422,5.001,5391
500_10000,U_U_3,STANDARD,5,27842556,5.014,5129
500_10000,U_U_3,STANDARD,6,27697893,5.001,5092
500_10000,U_U_3,STANDARD,7,28545476,5.001,5153
500_10000,U_U_3,STANDARD,8,28120391,5.001,5078
500_10000,U_U_3,STANDARD,9,28164625,5.001,5092
500_10000,U_U_3,STANDARD,10,28140498,5.000,5097
500_10000,U_U_3,SMART,1,27252062,5.001,5162
500_10000,U_U_3,SMART,2,26800788,5.000,5530
500_10000,U_U_3,SMART,3,26473641,5.000,5616
500_10000,U_U_3,SMART,4,26141020,5.001,5510
500_10000,U_U_3,SMART,5,26231082,5.001,5620
500_10000,U_U_3,SMART,6,25890835,5.000,5268
500_10000,U_U_3,SMART,7,26683149,5.001,5040
500_10000,U_U_3,SMART,8,25592239,5.001,5793
500_10000,U_U_3,SMART,9,26395893,5.000,5626
500_10000,U_U_3,SMART,10,25879866,5.000,5652
500_10000,U_U_4,STANDARD,1,9797440,5.001,6171
500_10000,U_U_4,STANDARD,2,9637883,5.000,5388
500_10000,U_U_4,STANDARD,3,10620833,5.000,5604
500_10000,U_U_4,STANDARD,4,11122973,5.000,4915
500_10000,U_U_4,STANDARD,5,9837989,5.001,5221
500_10000,U_U_4,STANDARD,6,11237466,5.000,5289
500_10000,U_U_4,STANDARD,7,10036610,5.000,5122
500_10000,U_U_4,STANDARD,8,9688505,5.001,5220
500_10000,U_U_4,STANDARD,9,9438317,5.000,5237
500_10000,U_U_4,STANDARD,10,10620613,5.000,5065
500_10000,U_U_4,SMART,1,11292110,5.000,5099
500_10000,U_U_4,SMART,2,11359877,5.000,4513
500_10000,U_U_4,SMART,3,10626510,5.000,5189
500_10000,U_U_4,SMART,4,11445418,5.000,5053
500_10000,U_U_4,SMART,5,10537101,5.000,5147
500_10000,U_U_4,SMART,6,10913166,5.001,5190
500_10000,U_U_4,SMART,7,9826528,5.001,5226
500_10000,U_U_4,SMART,8,9592711,5.000,6108
500_10000,U_U_4,SMART,9,10288018,5.000,5874
500_10000,U_U_4,SMART,10,10264284,5.000,5456
500_10000,U_U_5,STANDARD,1,24328178,5.000,5708
500_10000,U_U_5,STANDARD,2,24258527,5.001,5605
500_10000,U_U_5,STANDARD,3,24672716,5.000,5573
500_10000,U_U_5,STANDARD,4,24361841,5.001,5519
500_10000,U_U_5,STANDARD,5,23993178,5.000,5565
500_10000,U_U_5,STANDARD,6,23537831,5.001,6021
500_10000,U_U_5,STANDARD,7,24023369,5.001,5599
500_10000,U_U_5,STANDARD,8,24485314,5.001,5441
500_10000,U_U_5,STANDARD,9,24242430,5.001,5449
500_10000,U_U_5,STANDARD,10,23281848,5.000,5597
500_10000,U_U_5,SMART,1,23418091,5.000,5699
500_10000,U_U_5,SMART,2,23586786,5.001,5813
500_10000,U_U_5,SMART,3,23304609,5.001,5752
500_10000,U_U_5,SMART,4,23080486,5.001,5296
500_10000,U_U_5,SMART,5,23529263,5.001,5660
500_10000,U_U_5,SMART,6,22974838,5.000,5448
500_10000,U_U_5,SMART,7,23301367,5.000,5532
500_10000,U_U_5,SMART,8,23037024,5.000,6081
500_10000,U_U_5,SMART,9,22199155,5.014,5872
500_10000,U_U_5,SMART,10,23002139,5.001,6021